,,,,,,,,,,,
,,,start 1,start 2,dur1,start3,dur2,end3,dur3,durtotal,
Tokino Sora,,766395_704791.png,,,0:00:00,,0:00:00,,0:00:00,0:00:00,
Roboco,https://www.youtube.com/watch?v=OYMpCYOH8VY,05dfrxBd_400x400_opgdih.jpg,0:04:20,0:28:02,0:23:42,0:42:51,0:14:49,0:53:08,0:10:17,0:48:48,
Sakura Miko,offstream,942505_354389.png,,,0:00:00,,0:00:00,,0:00:00,0:00:00,
Hoshimachi Suisei,https://www.youtube.com/watch?v=Od4EJofhee4,718827_142512.png,0:06:24,0:21:24,0:15:00,0:34:15,0:12:51,0:39:01,0:04:46,0:32:37,
AZKi,,,,,0:00:00,,0:00:00,,0:00:00,0:00:00,
Yozora Mel,https://www.youtube.com/watch?v=8rUpQYW_ScI,385807_400141.png,0:02:40,0:51:38,0:48:58,1:04:59,0:13:21,1:14:15,0:09:16,1:11:35,
Shirakami Fubuki,offstream,265098_911553.png,,,0:00:00,,0:00:00,,0:00:00,0:00:00,
Natsuiro Matsuri,https://www.youtube.com/watch?v=9JVjOw3hUSM,878672_482782.png,0:03:43,0:24:20,0:20:37,0:29:01,0:04:41,0:32:51,0:03:50,0:29:08,
Aki Rosenthal,https://www.youtube.com/watch?v=5QeUwqJaDDk,754557_771352.png,0:02:24,0:26:56,0:24:32,0:40:50,0:13:54,0:47:03,0:06:13,0:44:39,
Akai Haato,,,,,0:00:00,,0:00:00,,0:00:00,0:00:00,
Minato Aqua,https://www.youtube.com/watch?v=wtJj3CO_YR0,309110_49678.png,1:12:05,1:22:58,0:10:53,1:24:45,0:01:47,1:29:30,0:04:45,0:17:25,
Murasaki Shion,https://www.youtube.com/watch?v=-PziNUil23U,39481_966765.png,0:13:12,0:34:25,0:21:13,0:44:35,0:10:10,0:54:59,0:10:24,0:41:47,
Nakiri Ayame,offstream,808112_469591.png,,,0:00:00,,0:00:00,,0:00:00,0:00:00,
Yuzuki Choco,,,,,0:00:00,,0:00:00,,0:00:00,0:00:00,
Oozora Subaru,,148699_403604.png,,,0:00:00,,0:00:00,,0:00:00,0:00:00,
Ookami Mio,https://www.youtube.com/watch?v=qF1LTOxIU9Y,786008_938019.png,0:04:23,0:28:00,0:23:37,0:38:49,0:10:49,0:44:11,0:05:22,0:39:48,
Nekomata Okayu,https://www.youtube.com/watch?v=JLIrbAzhlvo,903177_377790.png,0:04:53,0:33:23,0:28:30,0:38:23,0:05:00,0:41:57,0:03:34,0:37:04,
Inugami Korone,,305905_549251.png,,,0:00:00,,0:00:00,,0:00:00,0:00:00,
Usada Pekora,https://www.youtube.com/watch?v=_2bnZJVlQtM,231089_544274.png,0:12:20,1:19:36,1:07:16,1:29:19,0:09:43,1:36:28,0:07:09,1:24:08,
Uruha Rushia,https://www.youtube.com/watch?v=GmYySbFYGxw,975809_103938.png,0:11:07,1:58:21,1:47:14,2:17:29,0:19:08,2:32:33,0:15:04,2:21:26,
Shiranui Flare,offstream,407211_40550.png,,,0:00:00,,0:00:00,,0:00:00,0:00:00,
Shirogane Noel,https://www.youtube.com/watch?v=I_GWMIDS-WQ,245800_900365.png,0:12:57,1:10:10,0:57:13,1:22:28,0:12:18,1:28:00,0:05:32,1:15:03,
Houshou Marine,offstream,363888_28473.png,,,0:00:00,,0:00:00,,0:00:00,0:00:00,
Amane Kanata,offstream,556410_6694.jpeg,,,0:00:00,,0:00:00,,0:00:00,0:00:00,
Kiryu Coco,https://www.youtube.com/watch?v=qGVmLyBo2HI,433211_700099.jpeg,0:07:12,0:29:15,0:22:03,0:33:48,0:04:33,0:36:47,0:02:59,0:29:35,
Tsunomaki Watame,https://www.youtube.com/watch?v=runlRX9aMRg,27981_786637.jpeg,0:03:30,0:51:04,0:47:34,0:56:45,0:05:41,1:06:17,0:09:32,1:02:47,
Tokoyami Towa,https://www.youtube.com/watch?v=YHkJkvoR4vQ,598440_903513.jpeg,0:04:42,0:46:20,0:41:38,1:00:07,0:13:47,1:05:47,0:05:40,1:01:05,
Himemori Luna,https://www.youtube.com/watch?v=YcAELhyswzc,507383_645387.jpeg,0:37:55,1:13:54,0:35:59,1:16:49,0:02:55,1:20:04,0:03:15,0:42:09,
Yukihana Lamy,offstream,699004_119922.png,,,0:00:00,,0:00:00,,0:00:00,0:00:00,
Momosuzu Nene,https://www.youtube.com/watch?v=_srGTGKgIvY,337781_721378.jpeg,0:02:16,0:43:59,0:41:43,0:47:16,0:03:17,0:53:25,0:06:09,0:51:09,
Shishiro Botan,https://www.youtube.com/watch?v=Yl1y4AH44VE,339861_895013.png,0:03:50,0:22:51,0:19:01,0:29:29,0:06:38,0:34:32,0:05:03,0:30:42,
Omaru Polka,offstream,270979_759315.png,,,0:00:00,,0:00:00,,0:00:00,0:00:00,
Ayunda Risu,,,,,0:00:00,,0:00:00,,0:00:00,0:00:00,
Hoshinova Moona,https://www.youtube.com/watch?v=3Gd85LiVr7U,686456_805817.png,0:02:49,0:30:06,0:27:17,0:38:17,0:08:11,0:44:12,0:05:55,0:41:23,
Airani Iofifteen,https://www.youtube.com/watch?v=g6r6gHqitUo,53179_289294.png,0:04:31,0:33:06,0:28:35,0:38:20,0:05:14,0:43:45,0:05:25,0:39:14,
Kureiji Ollie,,,,,0:00:00,,0:00:00,,0:00:00,0:00:00,
Melfissa Anya,offstream,893432_349810.png,,,0:00:00,,0:00:00,,0:00:00,0:00:00,
Pavolia Reine,https://www.youtube.com/watch?v=Ch2jAdzOhUA,265931_611665.png,0:07:28,0:48:45,0:41:17,1:04:34,0:15:49,1:15:54,0:11:20,1:08:26,
Mori Calliope,,,,,0:00:00,,0:00:00,,0:00:00,0:00:00,
Takanashi Kiara,,207430_877763.jpg,,,0:00:00,,0:00:00,,0:00:00,0:00:00,
Ninomae Ina'nis,https://www.youtube.com/watch?v=-XdYW0TRTvA,712914_145875.jpg,0:03:58,0:19:13,0:15:15,0:25:11,0:05:58,0:28:35,0:03:24,0:24:37,
Gawr Gura,https://www.youtube.com/watch?v=gGmE3SJiJaI,251247_457554.jpg,0:02:59,0:27:11,0:24:12,0:31:28,0:04:17,0:35:17,0:03:49,0:32:18,
Watson Amelia,,,,,0:00:00,,0:00:00,,0:00:00,0:00:00,
Hanasaki Miyabi,https://www.youtube.com/watch?v=vFE4NENtHYw,180245_190730.png,0:01:18,0:17:10,0:15:52,0:24:15,0:07:05,0:30:57,0:06:42,0:29:39,
Kanade Izuru,,,,,0:00:00,,0:00:00,,0:00:00,0:00:00,
Arurandeisu,offstream,106468_76020.png,,,0:00:00,,0:00:00,,0:00:00,0:00:00,
. Rikka,offstream,267124_123147.jpg,0:02:42,0:03:48,0:01:06,0:04:46,0:00:58,0:06:14,0:01:28,0:03:32,https://www.youtube.com/watch?v=V193yTBy_LA
Leda Astel,https://www.youtube.com/watch?v=JnXHHlD6NmQ,73099_653074.jpeg,0:02:34,0:18:18,0:15:44,0:27:42,0:09:24,0:34:08,0:06:26,0:31:34,
Kishido Temma,https://www.youtube.com/watch?v=HjkrDc4WTo0,342624_515073.jpeg,0:19:09,0:43:09,0:24:00,0:52:33,0:09:24,0:56:57,0:04:24,0:37:48,
Yukoku Roberu,,762836_865960.jpeg,,,0:00:00,,0:00:00,,0:00:00,0:00:00,
Kageyama Shien,https://www.youtube.com/watch?v=GOQxE-wXjMk,152008_832609.png,0:05:47,0:14:51,0:09:04,0:19:44,0:04:53,0:23:47,0:04:03,0:18:00,
Aragami Oga,https://www.youtube.com/watch?v=r1o9RUgdZIA,562127_549902.png,0:02:30,0:21:40,0:19:10,0:27:17,0:05:37,0:36:16,0:08:59,0:33:46,